date,close
2015-01-29,613.35
2015-01-30,613.7
2015-01-31,613.7
2015-02-01,613.7
2015-02-02,613.85
2015-02-03,613.69
2015-02-04,613.18
2015-02-05,613.66
2015-02-06,612.61
2015-02-09,613.11
2015-02-10,612.95
2015-02-11,613.15
2015-02-12,613.33
2015-02-13,612.88
2015-02-14,612.88
2015-02-15,612.88
2015-02-16,612.73
2015-02-17,613.3
2015-02-18,613.3
2015-02-19,613.3
2015-02-20,613.3
2015-02-21,613.3
2015-02-22,613.3
2015-02-23,613.3
2015-02-24,613.3
2015-02-25,613.84
2015-02-26,613.79
2015-02-27,614.75
2015-02-28,614.75
2015-03-01,614.75
2015-03-02,615.13
2015-03-03,615.43
2015-03-04,615.25
2015-03-05,615.28
2015-03-06,615.33
2015-03-07,615.33
2015-03-08,615.33
2015-03-09,615.63
2015-03-10,615.72
2015-03-11,615.97
2015-03-12,616.17
2015-03-13,615.88
2015-03-14,615.88
2015-03-15,615.88
2015-03-16,616.15
2015-03-17,615.85
2015-03-18,615.56
2015-03-19,614.6
2015-03-20,614.96
2015-03-21,614.96
2015-03-22,614.96
2015-03-23,614.48
2015-03-24,613.98
2015-03-25,614.1
2015-03-26,613.75
2015-03-27,613.97
2015-03-28,613.97
2015-03-29,613.97
2015-03-30,614.02
2015-03-31,614.22
2015-04-01,614.34
2015-04-02,613.96
2015-04-03,613.48
2015-04-05,613.48
2015-04-06,613.48
2015-04-07,613.05
2015-04-08,613.45
2015-04-09,613.38
2015-04-10,613.7
2015-04-11,613.7
2015-04-12,613.7
2015-04-13,613.95
2015-04-14,614.07
2015-04-15,613.4
2015-04-16,613.05
2015-04-17,612.67
2015-04-18,612.67
2015-04-19,612.67
2015-04-20,612.55
2015-04-21,612.8
2015-04-22,612.9
2015-04-23,612.81
2015-04-24,612.41
2015-04-25,612.41
2015-04-26,612.41
2015-04-27,612.2
2015-04-28,612.09
2015-04-29,611.69
2015-04-30,611.37
2015-05-01,611.37
2015-05-02,611.37
2015-05-04,611.65
2015-05-05,611.8
2015-05-06,611.56
2015-05-07,611.13
2015-05-08,611.47
2015-05-09,611.47
2015-05-10,611.47
2015-05-11,611.32
2015-05-12,611.55
2015-05-13,611.23
2015-05-14,610.93
2015-05-15,610.85
2015-05-16,610.85
2015-05-17,610.85
2015-05-18,610.79
2015-05-19,610.98
2015-05-20,611.25
2015-05-21,611.39
2015-05-22,611.31
2015-05-23,611.31
2015-05-24,611.31
2015-05-25,611.65
2015-05-26,611.72
2015-05-27,611.98
2015-05-28,612.02
2015-05-29,611.96
2015-05-30,611.96
2015-05-31,611.96
2015-06-01,612.07
2015-06-02,612.25
2015-06-03,611.76
2015-06-04,611.64
2015-06-05,611.81
2015-06-08,612.05
2015-06-09,611.79
2015-06-10,611.73
2015-06-11,611.5
2015-06-12,611.67
2015-06-13,611.67
2015-06-14,611.67
2015-06-15,611.69
2015-06-16,611.55
2015-06-17,611.58
2015-06-18,611.26
2015-06-19,611.04
2015-06-20,611.04
2015-06-21,611.04
2015-06-22,611.04
2015-06-23,611.19
2015-06-24,611.42
2015-06-25,611.48
2015-06-26,611.37
2015-06-27,611.37
2015-06-28,611.37
2015-06-29,611.68
2015-06-30,611.36
2015-07-01,611.49
2015-07-02,611.71
2015-07-03,611.6
2015-07-04,611.6
2015-07-05,611.6
2015-07-06,611.72
2015-07-07,611.66
2015-07-08,611.75
2015-07-09,611.51
2015-07-10,611.53
2015-07-11,611.53
2015-07-12,611.53
2015-07-13,611.33
2015-07-14,611.65
2015-07-15,611.52
2015-07-16,611.73
2015-07-17,611.92
2015-07-18,611.92
2015-07-19,611.92
2015-07-20,611.97
2015-07-21,611.99
2015-07-22,611.68
2015-07-23,611.72
2015-07-24,611.69
2015-07-25,611.69
2015-07-26,611.69
2015-07-27,611.76
2015-07-28,611.54
2015-07-29,611.5
2015-07-30,611.65
2015-07-31,611.72
2015-08-01,611.72
2015-08-02,611.72
2015-08-03,611.69
2015-08-04,611.77
2015-08-05,611.86
2015-08-06,611.81
2015-08-07,611.74
2015-08-08,611.74
2015-08-09,611.74
2015-08-10,611.62
2015-08-11,622.98
2015-08-12,633.06
2015-08-13,640.1
2015-08-14,639.75
2015-08-17,639.69
2015-08-18,639.66
2015-08-19,639.63
2015-08-20,639.15
2015-08-21,638.64
2015-08-22,638.64
2015-08-23,638.64
2015-08-24,638.62
2015-08-25,639.87
2015-08-26,640.43
2015-08-27,640.85
2015-08-28,639.86
2015-08-31,638.93
2015-09-01,637.52
2015-09-02,637.52
2015-09-03,636.19
2015-09-04,636.19
2015-09-06,636.19
2015-09-07,635.84
2015-09-08,636.39
2015-09-09,636.32
2015-09-10,637.72
2015-09-11,637.19
2015-09-14,637.09
2015-09-15,636.65
2015-09-16,637.12
2015-09-17,636.7
2015-09-18,636.07
2015-09-21,636.76
2015-09-22,637.21
2015-09-23,637.73
2015-09-24,637.91
2015-09-25,637.85
2015-09-28,637.29
2015-09-29,636.6
2015-09-30,636.13
2015-10-01,636.13
2015-10-02,636.13
2015-10-05,636.13
2015-10-06,636.13
2015-10-07,636.13
2015-10-08,635.05
2015-10-09,634.93
2015-10-12,634.06
2015-10-13,632.31
2015-10-14,634.08
2015-10-15,634.02
2015-10-16,634.36
2015-10-19,635.27
2015-10-20,636.14
2015-10-21,634.73
2015-10-22,634.97
2015-10-23,635.95
2015-10-26,635.49
2015-10-27,634.94
2015-10-28,635.36
2015-10-29,635.96
2015-10-30,634.95
2015-11-02,631.54
2015-11-03,633.1
2015-11-04,633.43
2015-11-05,633.81
2015-11-06,634.59
2015-11-09,635.78
2015-11-10,636.02
2015-11-11,636.14
2015-11-12,636.28
2015-11-13,636.55
2015-11-16,637.5
2015-11-17,637.4
2015-11-18,637.96
2015-11-19,637.91
2015-11-20,637.8
2015-11-23,638.67
2015-11-24,638.88
2015-11-25,638.77
2015-11-26,638.96
2015-11-27,639.15
2015-11-30,639.62
2015-12-01,639.73
2015-12-02,639.58
2015-12-03,639.82
2015-12-04,638.51
2015-12-07,639.85
2015-12-08,640.78
2015-12-09,641.4
2015-12-10,642.36
2015-12-11,643.58
2015-12-14,644.95
2015-12-15,645.59
2015-12-16,646.26
2015-12-17,647.57
2015-12-18,648.14
2015-12-21,647.53
2015-12-22,647.46
2015-12-23,647.31
2015-12-24,647.55
2015-12-25,647.13
2015-12-28,647.5
2015-12-29,648.64
2015-12-30,647.13
2015-12-31,649.36
2016-01-04,650.32
2016-01-05,651.69
2016-01-06,653.14
2016-01-07,656.46
2016-01-08,656.36
2016-01-11,656.26
2016-01-12,656.28
2016-01-13,656.3
2016-01-14,656.16
2016-01-15,656.37
2016-01-18,655.9
2016-01-19,655.96
2016-01-20,655.78
2016-01-21,655.85
2016-01-22,655.72
2016-01-25,655.57
2016-01-26,655.48
2016-01-27,655.33
2016-01-28,655.28
2016-01-29,655.16
2016-02-01,655.39
2016-02-02,655.1
2016-02-03,655.21
2016-02-04,654.19
2016-02-05,653.14
2016-02-08,653.14
2016-02-09,653.14
2016-02-10,653.14
2016-02-11,653.14
2016-02-12,653.14
2016-02-15,651.18
2016-02-16,651.3
2016-02-17,652.37
2016-02-18,651.52
2016-02-19,651.86
2016-02-22,651.65
2016-02-23,652.73
2016-02-24,653.02
2016-02-25,653.18
2016-02-26,653.38
2016-02-29,654.52
2016-03-01,653.85
2016-03-02,654.9
2016-03-03,654.12
2016-03-04,652.84
2016-03-07,651.13
2016-03-08,650.41
2016-03-09,651.06
2016-03-10,651.27
2016-03-11,649.05
2016-03-14,649.13
2016-03-15,650.79
2016-03-16,651.72
2016-03-17,649.61
2016-03-18,646.28
2016-03-21,648.24
2016-03-22,649.71
2016-03-23,649.36
2016-03-24,651.5
2016-03-25,652.23
2016-03-28,652.32
2016-03-29,650.6
2016-03-30,648.41
2016-03-31,646.12
2016-04-01,645.85
2016-04-04,645.85
2016-04-05,646.63
2016-04-06,647.54
2016-04-07,647.07
2016-04-08,647.33
2016-04-11,646.49
2016-04-12,646.16
2016-04-13,645.91
2016-04-14,648.91
2016-04-15,649.08
2016-04-18,647.87
2016-04-19,647.0
2016-04-20,645.79
2016-04-21,648.03
2016-04-22,648.98
2016-04-24,648.98
2016-04-25,651.2
2016-04-26,648.82
2016-04-27,648.37
2016-04-28,649.54
2016-04-29,645.89
2016-05-02,645.89
2016-05-03,645.65
2016-05-04,649.43
2016-05-05,651.28
2016-05-06,652.02
2016-05-09,651.05
2016-05-10,652.33
2016-05-11,652.09
2016-05-12,649.59
2016-05-13,652.46
2016-05-16,653.43
2016-05-17,652.0
2016-05-18,652.16
2016-05-19,655.31
2016-05-20,655.1
2016-05-23,654.55
2016-05-24,654.68
2016-05-25,656.93
2016-05-26,655.52
2016-05-27,654.9
2016-05-30,657.84
2016-05-31,657.9
2016-06-01,658.89
2016-06-02,656.88
2016-06-03,657.93
2016-06-06,654.97
2016-06-07,656.18
2016-06-08,655.93
2016-06-09,655.93
2016-06-10,655.93
2016-06-13,658.05
2016-06-14,657.91
2016-06-15,660.01
2016-06-16,657.39
2016-06-17,657.95
2016-06-20,657.08
2016-06-21,656.56
2016-06-22,659.35
2016-06-23,656.58
2016-06-24,657.76
2016-06-27,663.75
2016-06-28,665.28
2016-06-29,663.24
2016-06-30,663.12
2016-07-01,664.96
2016-07-04,664.72
2016-07-05,665.94
2016-07-06,668.57
2016-07-07,668.2
2016-07-08,668.53
2016-07-11,668.43
2016-07-12,669.5
2016-07-13,668.91
2016-07-14,668.46
2016-07-15,668.05
2016-07-18,669.61
2016-07-19,669.71
2016-07-20,669.46
2016-07-21,668.72
2016-07-22,666.69
2016-07-25,668.6
2016-07-26,667.78
2016-07-27,666.71
2016-07-28,665.97
2016-07-29,665.11
2016-08-01,662.77
2016-08-02,664.51
2016-08-03,661.95
2016-08-04,664.44
2016-08-05,664.06
2016-08-08,666.15
2016-08-09,665.94
2016-08-10,665.3
2016-08-11,662.55
2016-08-12,665.43
2016-08-15,664.3
2016-08-16,663.05
2016-08-17,660.56
2016-08-18,662.73
2016-08-19,662.11
2016-08-22,666.52
2016-08-23,665.86
2016-08-24,664.2
2016-08-25,666.02
2016-08-26,664.88
2016-08-29,668.56
2016-08-30,668.12
2016-08-31,669.08
2016-09-01,667.84
2016-09-02,667.27
2016-09-05,668.73
2016-09-06,666.76
2016-09-07,665.55
2016-09-08,666.2
2016-09-09,666.84
2016-09-12,669.08
2016-09-13,667.26
2016-09-14,668.95
2016-09-16,668.95
2016-09-19,667.86
2016-09-20,665.95
2016-09-21,667.38
2016-09-22,665.13
2016-09-23,666.7
2016-09-26,667.44
2016-09-27,666.46
2016-09-28,666.81
2016-09-29,667.0
2016-09-30,667.78
2016-10-07,667.78
2016-10-10,670.08
2016-10-11,670.98
2016-10-12,672.58
2016-10-13,672.96
2016-10-14,671.57
2016-10-17,673.79
2016-10-18,673.03
2016-10-19,673.26
2016-10-20,673.11
2016-10-21,675.58
2016-10-24,676.9
2016-10-25,677.44
2016-10-26,677.05
2016-10-27,677.36
2016-10-28,678.58
2016-10-31,676.41
2016-11-01,677.34
2016-11-02,675.62
2016-11-03,674.91
2016-11-04,675.14
2016-11-07,677.25
2016-11-08,678.17
2016-11-09,678.32
2016-11-10,678.85
2016-11-11,681.15
2016-11-14,682.91
2016-11-15,684.95
2016-11-16,685.92
2016-11-17,686.92
2016-11-18,687.96
2016-11-21,689.85
2016-11-22,687.79
2016-11-23,689.04
2016-11-24,690.85
2016-11-25,691.68
2016-11-28,690.42
2016-11-29,688.89
2016-11-30,688.65
2016-12-01,689.58
2016-12-02,687.94
2016-12-05,688.7
2016-12-06,685.75
2016-12-07,688.08
2016-12-08,687.31
2016-12-09,689.72
2016-12-12,690.86
2016-12-13,689.34
2016-12-14,690.28
2016-12-15,692.89
2016-12-16,695.08
2016-12-19,693.12
2016-12-20,694.68
2016-12-21,694.89
2016-12-22,694.35
2016-12-23,694.63
2016-12-26,694.59
2016-12-27,694.62
2016-12-28,694.95
2016-12-29,694.97
2016-12-30,693.7
2017-01-02,693.7
2017-01-03,694.98
2017-01-04,695.26
2017-01-05,693.07
2017-01-06,686.68
2017-01-09,692.62
2017-01-10,692.34
2017-01-11,692.35
2017-01-12,691.41
2017-01-13,689.09
2017-01-16,688.74
2017-01-17,689.92
2017-01-18,685.25
2017-01-19,685.68
2017-01-20,686.93
2017-01-23,685.72
2017-01-24,683.31
2017-01-25,685.96
2017-01-26,685.88
2017-01-27,685.88
2017-01-30,685.88
2017-01-31,685.88
2017-02-01,685.88
2017-02-02,685.88
2017-02-03,685.56
2017-02-06,686.06
2017-02-07,686.04
2017-02-08,688.49
2017-02-09,687.1
2017-02-10,688.19
2017-02-13,688.98
2017-02-14,688.06
2017-02-15,686.32
2017-02-16,686.29
2017-02-17,684.56
2017-02-20,687.43
2017-02-21,687.9
2017-02-22,688.3
2017-02-23,686.95
2017-02-24,686.55
2017-02-27,688.14
2017-02-28,687.5
2017-03-01,687.98
2017-03-02,688.09
2017-03-03,688.96
2017-03-06,687.9
2017-03-07,689.57
2017-03-08,690.32
2017-03-09,691.25
2017-03-10,691.23
2017-03-13,689.88
2017-03-14,691.18
2017-03-15,691.15
2017-03-16,688.62
2017-03-17,688.73
2017-03-20,689.98
2017-03-21,690.71
2017-03-22,688.89
2017-03-23,688.56
2017-03-24,688.45
2017-03-27,687.01
2017-03-28,687.82
2017-03-29,689.15
2017-03-30,688.89
2017-03-31,689.93
2017-04-03,689.93
2017-04-04,689.93
2017-04-05,689.06
2017-04-06,689.3
2017-04-07,689.49
2017-04-10,690.42
2017-04-11,689.57
2017-04-12,689.4
2017-04-13,686.51
2017-04-14,687.4
2017-04-17,687.85
2017-04-18,688.49
2017-04-19,686.64
2017-04-20,687.92
2017-04-21,688.23
2017-04-24,686.73
2017-04-25,688.33
2017-04-26,688.45
2017-04-27,688.96
2017-04-28,689.31
2017-05-01,689.31
2017-05-02,689.56
2017-05-03,688.92
2017-05-04,689.57
2017-05-05,688.84
2017-05-08,689.47
2017-05-09,690.37
2017-05-10,690.66
2017-05-11,690.51
2017-05-12,689.48
2017-05-15,688.52
2017-05-16,687.9
2017-05-17,686.35
2017-05-18,686.12
2017-05-19,687.86
2017-05-22,686.73
2017-05-23,686.61
2017-05-24,687.58
2017-05-25,686.95
2017-05-26,686.98
2017-05-29,686.98
2017-05-30,686.98
2017-05-31,686.33
2017-06-01,680.9
2017-06-02,680.7
2017-06-05,679.35
2017-06-06,679.34
2017-06-07,678.58
2017-06-08,679.3
2017-06-09,679.71
2017-06-12,679.48
2017-06-13,679.54
2017-06-14,679.39
2017-06-15,678.52
2017-06-16,679.95
2017-06-19,679.72
2017-06-20,680.96
2017-06-21,681.93
2017-06-22,681.97
2017-06-23,682.38
2017-06-26,682.2
2017-06-27,682.92
2017-06-28,680.53
2017-06-29,679.4
2017-06-30,677.44
2017-07-03,677.72
2017-07-04,678.89
2017-07-05,679.22
2017-07-06,679.53
2017-07-07,679.14
2017-07-10,679.64
2017-07-11,679.83
2017-07-12,678.68
2017-07-13,678.02
2017-07-14,677.74
2017-07-17,675.62
2017-07-18,676.11
2017-07-19,674.51
2017-07-20,674.64
2017-07-21,674.15
2017-07-24,674.1
2017-07-25,674.85
2017-07-26,675.29
2017-07-27,673.07
2017-07-28,673.73
2017-07-31,672.83
2017-08-01,671.48
2017-08-02,672.05
2017-08-03,672.11
2017-08-04,671.32
2017-08-07,672.28
2017-08-08,671.84
2017-08-09,670.75
2017-08-10,667.7
2017-08-11,666.42
2017-08-14,666.01
2017-08-15,666.89
2017-08-16,667.79
2017-08-17,667.09
2017-08-18,667.44
2017-08-21,667.09
2017-08-22,665.97
2017-08-23,666.33
2017-08-24,665.25
2017-08-25,665.79
2017-08-28,663.53
2017-08-29,662.93
2017-08-30,661.02
2017-08-31,660.1
2017-09-01,659.09
2017-09-04,656.68
2017-09-05,653.7
2017-09-06,653.11
2017-09-07,652.69
2017-09-08,652.69
2017-09-11,649.97
2017-09-12,652.77
2017-09-13,653.82
2017-09-14,654.65
2017-09-15,654.23
2017-09-18,654.19
2017-09-19,655.3
2017-09-20,656.7
2017-09-21,658.67
2017-09-22,658.61
2017-09-25,659.45
2017-09-26,660.76
2017-09-27,661.92
2017-09-28,662.85
2017-09-29,663.69
2017-10-09,664.93
2017-10-10,662.73
2017-10-11,658.41
2017-10-12,658.08
2017-10-13,658.66
2017-10-16,658.39
2017-10-17,658.83
2017-10-18,659.91
2017-10-19,660.93
2017-10-20,660.92
2017-10-23,662.05
2017-10-24,662.68
2017-10-25,663.22
2017-10-26,662.88
2017-10-27,664.73
2017-10-30,664.87
2017-10-31,663.97
2017-11-01,663.0
2017-11-02,661.96
2017-11-03,660.72
2017-11-06,662.47
2017-11-07,662.16
2017-11-08,662.77
2017-11-09,663.25
2017-11-10,662.82
2017-11-13,663.47
2017-11-14,663.99
2017-11-15,662.63
2017-11-16,662.86
2017-11-17,662.77
2017-11-20,662.71
2017-11-21,663.56
2017-11-22,662.9
2017-11-23,660.21
2017-11-24,658.1
2017-11-27,658.74
2017-11-28,659.44
2017-11-29,660.11
2017-11-30,660.34
2017-12-01,660.67
2017-12-04,661.05
2017-12-05,661.13
2017-12-06,661.63
2017-12-07,661.95
2017-12-08,662.18
2017-12-11,661.52
2017-12-12,661.62
2017-12-13,662.51
2017-12-14,660.33
2017-12-15,661.13
2017-12-18,661.62
2017-12-19,660.98
2017-12-20,660.66
2017-12-21,657.95
2017-12-22,658.21
2017-12-25,656.83
2017-12-26,654.16
2017-12-27,654.21
2017-12-28,654.12
2017-12-29,653.42
2018-01-01,653.42
2018-01-02,650.79
2018-01-03,649.2
2018-01-04,650.43
2018-01-05,649.15
2018-01-08,648.32
2018-01-09,649.68
2018-01-10,652.07
2018-01-11,651.47
2018-01-12,649.32
2018-01-15,645.74
2018-01-16,643.72
2018-01-17,643.35
2018-01-18,644.01
2018-01-19,641.69
2018-01-22,641.12
2018-01-23,640.09
2018-01-24,639.16
2018-01-25,637.24
2018-01-26,634.36
2018-01-29,632.67
2018-01-30,633.12
2018-01-31,633.39
2018-02-01,630.45
2018-02-02,628.85
2018-02-05,630.19
2018-02-06,630.72
2018-02-07,628.82
2018-02-08,628.22
2018-02-09,631.94
2018-02-12,630.01
2018-02-13,632.47
2018-02-14,634.28
2018-02-15,634.28
2018-02-16,634.28
2018-02-19,634.28
2018-02-20,634.28
2018-02-21,634.28
2018-02-22,635.3
2018-02-23,634.82
2018-02-26,633.78
2018-02-27,631.46
2018-02-28,632.94
2018-03-01,633.52
2018-03-02,633.34
2018-03-05,634.31
2018-03-06,633.86
2018-03-07,632.94
2018-03-08,632.39
2018-03-09,634.51
2018-03-12,633.33
2018-03-13,632.18
2018-03-14,632.05
2018-03-15,631.41
2018-03-16,633.4
2018-03-19,633.2
2018-03-20,632.46
2018-03-21,633.96
2018-03-22,631.67
2018-03-23,632.72
2018-03-26,631.93
2018-03-27,628.16
2018-03-28,627.85
2018-03-29,630.46
2018-03-30,628.81
2018-04-02,627.64
2018-04-03,628.33
2018-04-04,629.26
2018-04-09,631.14
2018-04-10,630.71
2018-04-11,629.11
2018-04-12,628.34
2018-04-13,628.98
2018-04-16,628.84
2018-04-17,627.71
2018-04-18,628.17
2018-04-19,628.32
2018-04-20,628.97
2018-04-23,630.34
2018-04-24,632.29
2018-04-25,630.66
2018-04-26,632.83
2018-04-27,633.93
2018-05-01,633.93
2018-05-02,636.7
2018-05-03,637.32
2018-05-04,635.21
2018-05-07,635.84
2018-05-08,636.74
2018-05-09,637.33
2018-05-10,637.68
2018-05-11,635.24
2018-05-14,633.45
2018-05-15,634.86
2018-05-16,637.45
2018-05-17,636.79
2018-05-18,637.63
2018-05-21,638.52
2018-05-22,637.99
2018-05-23,637.73
2018-05-24,638.16
2018-05-25,638.67
2018-05-28,639.62
2018-05-29,640.21
2018-05-30,642.07
2018-05-31,641.44
2018-06-01,640.78
2018-06-04,642.08
2018-06-05,641.57
2018-06-06,640.4
2018-06-07,639.19
2018-06-08,640.03
2018-06-11,640.64
2018-06-12,641.21
2018-06-13,641.56
2018-06-14,639.62
2018-06-15,643.06
2018-06-18,643.06
2018-06-19,642.35
2018-06-20,645.86
2018-06-21,647.06
2018-06-22,648.04
2018-06-25,648.93
2018-06-26,651.8
2018-06-27,655.69
2018-06-28,659.6
2018-06-29,661.66
2018-07-02,661.57
2018-07-03,664.97
2018-07-04,665.95
2018-07-05,661.8
2018-07-06,663.36
2018-07-09,663.93
2018-07-10,662.59
2018-07-11,662.34
2018-07-12,667.26
2018-07-13,667.27
2018-07-16,667.58
2018-07-17,668.21
2018-07-18,669.14
2018-07-19,670.66
2018-07-20,676.71
2018-07-23,675.93
2018-07-24,678.91
2018-07-25,680.4
2018-07-26,676.62
2018-07-27,679.42
2018-07-30,681.31
2018-07-31,681.65
2018-08-01,682.93
2018-08-02,679.42
2018-08-03,683.22
2018-08-06,685.13
2018-08-07,684.31
2018-08-08,683.13
2018-08-09,683.17
2018-08-10,683.95
2018-08-13,686.29
2018-08-14,686.95
2018-08-15,688.56
2018-08-16,689.46
2018-08-17,689.46
2018-08-20,688.94
2018-08-21,687.18
2018-08-22,682.71
2018-08-23,683.67
2018-08-24,687.1
2018-08-27,685.08
2018-08-28,680.52
2018-08-29,680.72
2018-08-30,681.13
2018-08-31,682.46
2018-09-03,683.47
2018-09-04,681.83
2018-09-05,682.66
2018-09-06,682.17
2018-09-07,682.12
2018-09-10,683.89
2018-09-11,684.88
2018-09-12,685.46
2018-09-13,684.88
2018-09-14,683.62
2018-09-17,685.09
2018-09-18,685.54
2018-09-19,685.69
2018-09-20,685.3
2018-09-21,683.57
2018-09-24,683.57
2018-09-25,684.4
2018-09-26,685.71
2018-09-27,686.42
2018-09-28,687.92
2018-10-08,689.57
2018-10-09,690.19
2018-10-10,690.72
2018-10-11,690.98
2018-10-12,691.2
2018-10-15,691.54
2018-10-16,691.19
2018-10-17,691.03
2018-10-18,692.75
2018-10-19,693.87
2018-10-22,692.36
2018-10-23,693.38
2018-10-24,693.57
2018-10-25,694.09
2018-10-26,695.1
2018-10-29,693.77
2018-10-30,695.74
2018-10-31,696.46
2018-11-01,696.7
2018-11-02,693.71
2018-11-05,689.76
2018-11-06,690.75
2018-11-07,690.65
2018-11-08,691.63
2018-11-09,693.29
2018-11-12,694.76
2018-11-13,696.29
2018-11-14,694.02
2018-11-15,693.92
2018-11-16,693.77
2018-11-19,692.45
2018-11-20,692.8
2018-11-21,694.49
2018-11-22,693.91
2018-11-23,693.06
2018-11-26,694.53
2018-11-27,694.63
2018-11-28,695.0
2018-11-29,693.53
2018-11-30,693.57
2018-12-03,694.31
2018-12-04,689.39
2018-12-05,684.76
2018-12-06,685.99
2018-12-07,686.64
2018-12-10,686.93
2018-12-11,689.96
2018-12-12,690.64
2018-12-13,687.69
2018-12-14,687.5
2018-12-17,689.08
2018-12-18,688.54
2018-12-19,688.69
2018-12-20,689.36
2018-12-21,688.25
2018-12-24,690.06
2018-12-25,689.19
2018-12-26,688.45
2018-12-27,688.94
2018-12-28,686.32
2019-01-01,686.32
2019-01-02,684.82
2019-01-03,686.31
2019-01-04,685.86
2019-01-07,685.17
2019-01-08,684.02
2019-01-09,685.26
2019-01-10,681.6
2019-01-11,679.09
2019-01-14,675.6
2019-01-15,675.42
2019-01-16,676.15
2019-01-17,675.92
2019-01-18,676.65
2019-01-21,677.74
2019-01-22,678.54
2019-01-23,679.69
2019-01-24,678.02
2019-01-25,678.02
2019-01-28,674.72
2019-01-29,673.56
2019-01-30,673.43
2019-01-31,670.25
2019-02-01,670.81
2019-02-04,670.81
2019-02-05,670.81
2019-02-06,670.81
2019-02-07,670.81
2019-02-08,670.81
2019-02-11,674.95
2019-02-12,677.65
2019-02-13,676.75
2019-02-14,677.44
2019-02-15,676.23
2019-02-18,676.59
2019-02-19,676.42
2019-02-20,675.58
2019-02-21,672.2
2019-02-22,671.51
2019-02-25,671.31
2019-02-26,669.52
2019-02-27,668.57
2019-02-28,669.01
2019-03-01,669.57
2019-03-04,670.49
2019-03-05,669.98
2019-03-06,670.53
2019-03-07,671.1
2019-03-08,672.35
2019-03-11,672.02
2019-03-12,671.28
2019-03-13,671.14
2019-03-14,670.09
2019-03-15,671.67
2019-03-18,670.88
2019-03-19,670.62
2019-03-20,671.01
2019-03-21,668.5
2019-03-22,669.44
2019-03-25,670.98
2019-03-26,670.42
2019-03-27,671.41
2019-03-28,672.63
2019-03-29,673.35
2019-04-01,671.93
2019-04-02,671.61
2019-04-03,671.94
2019-04-04,670.55
2019-04-08,672.01
2019-04-09,671.42
2019-04-10,671.1
2019-04-11,670.88
2019-04-12,672.2
2019-04-15,671.12
2019-04-16,670.97
2019-04-17,671.1
2019-04-18,669.11
2019-04-19,670.43
2019-04-22,670.35
2019-04-23,670.82
2019-04-24,672.05
2019-04-25,673.07
2019-04-26,673.07
2019-04-29,673.1
2019-04-30,672.86
2019-05-01,672.86
2019-05-02,672.86
2019-05-03,672.86
2019-05-06,673.44
2019-05-07,676.14
2019-05-08,675.96
2019-05-09,676.65
2019-05-10,679.12
2019-05-13,679.54
2019-05-14,683.65
2019-05-15,686.49
2019-05-16,686.88
2019-05-17,688.59
2019-05-20,689.88
2019-05-21,689.9
2019-05-22,689.92
2019-05-23,689.94
2019-05-24,689.93
2019-05-27,689.24
2019-05-28,689.73
2019-05-29,689.88
2019-05-30,689.9
2019-05-31,689.92
2019-06-03,688.96
2019-06-04,688.22
2019-06-05,689.03
2019-06-06,689.45
2019-06-07,689.45
2019-06-10,689.25
2019-06-11,689.3
2019-06-12,689.32
2019-06-13,689.34
2019-06-14,689.37
2019-06-17,689.4
2019-06-18,689.42
2019-06-19,688.93
2019-06-20,688.05
2019-06-21,684.72
2019-06-24,685.03
2019-06-25,685.8
2019-06-26,687.01
2019-06-27,687.78
2019-06-28,687.47
2019-07-01,687.16
2019-07-02,685.13
2019-07-03,686.4
2019-07-04,687.05
2019-07-05,686.97
2019-07-08,688.81
2019-07-09,688.53
2019-07-10,688.56
2019-07-11,686.77
2019-07-12,686.62
2019-07-15,686.77
2019-07-16,687.1
2019-07-17,688.27
2019-07-18,687.61
2019-07-19,686.35
2019-07-22,687.59
2019-07-23,688.18
2019-07-24,688.6
2019-07-25,687.37
2019-07-26,687.96
2019-07-29,688.21
2019-07-30,688.62
2019-07-31,688.41
2019-08-01,689.38
2019-08-02,689.96
2019-08-05,692.25
2019-08-06,696.83
2019-08-07,699.96
2019-08-08,700.39
2019-08-09,701.36
2019-08-12,702.11
2019-08-13,703.26
2019-08-14,703.12
2019-08-15,702.68
2019-08-16,703.12
2019-08-19,703.65
2019-08-20,704.54
2019-08-21,704.33
2019-08-22,704.9
2019-08-23,705.72
2019-08-26,705.7
2019-08-27,708.1
2019-08-28,708.35
2019-08-29,708.58
2019-08-30,708.79
2019-09-02,708.83
2019-09-03,708.84
2019-09-04,708.78
2019-09-05,708.52
2019-09-06,708.55
2019-09-09,708.51
2019-09-10,708.46
2019-09-11,708.43
2019-09-12,708.46
2019-09-13,708.46
2019-09-16,706.57
2019-09-17,707.3
2019-09-18,707.28
2019-09-19,707.32
2019-09-20,707.3
2019-09-23,707.34
2019-09-24,707.29
2019-09-25,707.24
2019-09-26,707.29
2019-09-27,707.31
2019-09-30,707.29
2019-10-01,707.29
2019-10-02,707.29
2019-10-03,707.29
2019-10-04,707.29
2019-10-07,707.29
2019-10-08,707.26
2019-10-09,707.28
2019-10-10,707.3
2019-10-11,707.27
2019-10-14,707.25
2019-10-15,707.08
2019-10-16,707.46
2019-10-17,707.89
2019-10-18,706.9
2019-10-21,706.8
2019-10-22,706.68
2019-10-23,707.52
2019-10-24,707.27
2019-10-25,707.49
2019-10-28,707.62
2019-10-29,706.17
2019-10-30,705.82
2019-10-31,705.33
2019-11-01,704.37
2019-11-04,703.82
2019-11-05,703.85
2019-11-06,700.8
2019-11-07,700.08
2019-11-08,699.45
2019-11-11,699.33
2019-11-12,699.88
2019-11-13,700.26
2019-11-14,700.83
2019-11-15,700.91
2019-11-18,700.37
2019-11-19,700.3
2019-11-20,701.18
2019-11-21,702.17
2019-11-22,703.06
2019-11-25,703.97
2019-11-26,703.44
2019-11-27,703.49
2019-11-28,702.71
2019-11-29,702.98
2019-12-02,702.62
2019-12-03,702.23
2019-12-04,703.82
2019-12-05,705.21
2019-12-06,703.83
2019-12-09,704.05
2019-12-10,704.0
2019-12-11,703.85
2019-12-12,702.53
2019-12-13,701.56
2019-12-16,699.15
2019-12-17,699.71
2019-12-18,699.69
2019-12-19,700.25
2019-12-20,700.2
2019-12-23,701.17
2019-12-24,701.19
2019-12-25,700.67
2019-12-26,698.01
2019-12-27,698.79
2019-12-30,698.05
2019-12-31,697.62
2020-01-01,697.62
2020-01-02,696.14
2020-01-03,696.81
2020-01-06,697.18
2020-01-07,696.9
2020-01-08,694.5
2020-01-09,694.97
2020-01-10,693.51
2020-01-13,692.63
2020-01-14,689.54
2020-01-15,688.45
2020-01-16,688.07
2020-01-17,688.78
2020-01-20,686.64
2020-01-21,686.06
2020-01-22,688.53
2020-01-23,688.76
2020-01-24,688.76
2020-01-27,688.76
2020-01-28,688.76
2020-01-29,688.76
2020-01-30,688.76
2020-01-31,688.76
2020-02-03,692.49
2020-02-04,697.79
2020-02-05,698.23
2020-02-06,699.85
2020-02-07,697.68
2020-02-10,698.63
2020-02-11,698.97
2020-02-12,697.18
2020-02-13,697.85
2020-02-14,698.43
2020-02-17,697.95
2020-02-18,698.26
2020-02-19,700.12
2020-02-20,700.26
2020-02-21,702.1
2020-02-24,702.46
2020-02-25,702.32
2020-02-26,701.26
2020-02-27,702.15
2020-02-28,700.66
2020-03-02,698.11
2020-03-03,695.16
2020-03-04,695.14
2020-03-05,694.03
2020-03-06,693.37
2020-03-09,692.6
2020-03-10,693.89
2020-03-11,696.12
2020-03-12,696.41
2020-03-13,700.33
2020-03-16,700.18
2020-03-17,700.94
2020-03-18,703.28
2020-03-19,705.22
2020-03-20,710.52
2020-03-23,709.4
2020-03-24,709.99
2020-03-25,707.42
2020-03-26,706.92
2020-03-27,704.27
2020-03-30,704.47
2020-03-31,708.51
2020-04-01,707.71
2020-04-02,709.95
2020-04-03,711.04
2020-04-06,711.04
2020-04-07,709.39
2020-04-08,704.83
2020-04-09,705.36
2020-04-10,703.54
2020-04-13,703.0
2020-04-14,704.06
2020-04-15,704.02
2020-04-16,707.14
2020-04-17,707.18
2020-04-20,706.57
2020-04-21,707.52
2020-04-22,709.03
2020-04-23,708.87
2020-04-24,708.03
2020-04-27,707.03
2020-04-28,707.1
2020-04-29,707.04
2020-04-30,705.71
2020-05-01,705.71
2020-05-04,705.71
2020-05-05,705.71
2020-05-06,706.9
2020-05-07,709.31
2020-05-08,707.88
2020-05-11,707.69
2020-05-12,709.19
2020-05-13,708.75
2020-05-14,709.48
2020-05-15,709.36
2020-05-18,710.3
2020-05-19,709.12
2020-05-20,709.56
2020-05-21,708.68
2020-05-22,709.39
2020-05-25,712.09
2020-05-26,712.93
2020-05-27,710.92
2020-05-28,712.77
2020-05-29,713.16
2020-06-01,713.15
2020-06-02,711.67
2020-06-03,710.74
2020-06-04,710.12
2020-06-05,709.65
2020-06-08,708.82
2020-06-09,707.11
2020-06-10,707.03
2020-06-11,706.08
2020-06-12,708.65
2020-06-15,709.02
2020-06-16,707.55
2020-06-17,708.73
2020-06-18,709.03
2020-06-19,709.13
2020-06-22,708.65
2020-06-23,706.71
2020-06-24,705.55
2020-06-25,705.55
2020-06-26,705.55
2020-06-29,708.08
2020-06-30,707.95
2020-07-01,707.1
2020-07-02,705.66
2020-07-03,706.38
2020-07-06,706.63
2020-07-07,703.1
2020-07-08,702.07
2020-07-09,700.85
2020-07-10,699.43
2020-07-13,699.65
2020-07-14,699.96
2020-07-15,699.82
2020-07-16,699.13
2020-07-17,700.43
2020-07-20,699.28
2020-07-21,698.62
2020-07-22,697.18
2020-07-23,699.21
2020-07-24,699.38
2020-07-27,700.29
2020-07-28,698.95
2020-07-29,699.69
2020-07-30,699.02
2020-07-31,698.48
2020-08-03,699.8
2020-08-04,698.03
2020-08-05,697.52
2020-08-06,694.38
2020-08-07,694.08
2020-08-10,696.49
2020-08-11,697.11
2020-08-12,695.97
2020-08-13,694.29
2020-08-14,694.05
2020-08-17,693.62
2020-08-18,693.25
2020-08-19,691.68
2020-08-20,692.74
2020-08-21,691.07
2020-08-24,691.94
2020-08-25,691.83
2020-08-26,690.79
2020-08-27,689.03
2020-08-28,688.91
2020-08-31,686.05
2020-09-01,684.98
2020-09-02,683.76
2020-09-03,683.19
2020-09-04,683.59
2020-09-07,683.86
2020-09-08,683.64
2020-09-09,684.23
2020-09-10,683.31
2020-09-11,683.89
2020-09-14,683.61
2020-09-15,682.22
2020-09-16,678.25
2020-09-17,676.75
2020-09-18,675.91
2020-09-21,675.95
2020-09-22,678.72
2020-09-23,679.86
2020-09-24,680.28
2020-09-25,681.21
2020-09-28,682.52
2020-09-29,681.71
2020-09-30,681.01
2020-10-01,681.01
2020-10-02,681.01
2020-10-05,681.01
2020-10-06,681.01
2020-10-07,681.01
2020-10-08,681.01
2020-10-09,677.96
2020-10-12,671.26
2020-10-13,672.96
2020-10-14,674.73
2020-10-15,673.74
2020-10-16,673.32
2020-10-19,670.1
2020-10-20,669.3
2020-10-21,667.81
2020-10-22,665.56
2020-10-23,667.03
2020-10-26,667.25
2020-10-27,669.89
2020-10-28,671.95
2020-10-29,672.6
2020-10-30,672.32
2020-11-02,670.5
2020-11-03,669.57
2020-11-04,667.71
2020-11-05,668.95
2020-11-06,662.9
2020-11-09,661.23
2020-11-10,658.97
2020-11-11,660.7
2020-11-12,662.36
2020-11-13,662.85
2020-11-16,660.48
2020-11-17,657.62
2020-11-18,655.93
2020-11-19,654.84
2020-11-20,657.86
2020-11-23,657.19
2020-11-24,658.09
2020-11-25,657.49
2020-11-26,657.8
2020-11-27,657.55
2020-11-30,657.82
2020-12-01,659.21
2020-12-02,656.11
2020-12-03,655.92
2020-12-04,655.07
2020-12-07,653.62
2020-12-08,653.2
2020-12-09,653.11
2020-12-10,654.76
2020-12-11,654.05
2020-12-14,653.61
2020-12-15,654.34
2020-12-16,653.55
2020-12-17,653.62
2020-12-18,653.15
2020-12-21,655.07
2020-12-22,653.87
2020-12-23,655.58
2020-12-24,653.61
2020-12-25,653.33
2020-12-28,652.36
2020-12-29,654.51
2020-12-30,653.25
2020-12-31,652.49
2021-01-01,652.49
2021-01-04,654.08
2021-01-05,647.6
2021-01-06,646.04
2021-01-07,646.08
2021-01-08,647.08
2021-01-11,647.64
2021-01-12,648.23
2021-01-13,646.05
2021-01-14,647.46
2021-01-15,646.33
2021-01-18,648.45
2021-01-19,648.83
2021-01-20,648.36
2021-01-21,646.96
2021-01-22,646.17
2021-01-25,648.19
2021-01-26,648.47
2021-01-27,646.65
2021-01-28,648.45
2021-01-29,647.09
2021-02-01,646.23
2021-02-02,647.36
2021-02-03,646.69
2021-02-04,646.05
2021-02-05,647.1
2021-02-08,646.78
2021-02-09,645.33
2021-02-10,643.91
2021-02-11,643.91
2021-02-12,643.91
2021-02-15,643.91
2021-02-16,643.91
2021-02-17,643.91
2021-02-18,645.36
2021-02-19,646.24
2021-02-22,645.63
2021-02-23,645.16
2021-02-24,646.15
2021-02-25,645.22
2021-02-26,647.13
2021-03-01,647.54
2021-03-02,646.25
2021-03-03,645.65
2021-03-04,647.58
2021-03-05,649.04
2021-03-08,647.95
2021-03-09,653.38
2021-03-10,651.06
2021-03-11,649.7
2021-03-12,648.45
2021-03-15,650.1
2021-03-16,650.29
2021-03-17,649.78
2021-03-18,648.59
2021-03-19,650.98
2021-03-22,651.91
2021-03-23,650.36
2021-03-24,652.28
2021-03-25,652.82
2021-03-26,653.76
2021-03-29,654.16
2021-03-30,656.41
2021-03-31,657.13
2021-04-01,655.84
2021-04-02,656.49
2021-04-05,656.49
2021-04-06,655.27
2021-04-07,653.84
2021-04-08,654.63
2021-04-09,654.09
2021-04-12,655.78
2021-04-13,654.54
2021-04-14,653.62
2021-04-15,652.97
2021-04-16,652.88
2021-04-19,652.33
2021-04-20,651.03
2021-04-21,650.46
2021-04-22,649.02
2021-04-23,649.34
2021-04-26,649.13
2021-04-27,649.24
2021-04-28,648.53
2021-04-29,647.15
2021-04-30,646.72
2021-05-03,646.72
2021-05-04,646.72
2021-05-05,646.72
2021-05-06,648.95
2021-05-07,646.78
2021-05-10,644.25
2021-05-11,642.54
2021-05-12,642.58
2021-05-13,646.12
2021-05-14,645.25
2021-05-17,643.07
2021-05-18,643.57
2021-05-19,642.55
2021-05-20,644.64
2021-05-21,643.0
2021-05-24,644.08
2021-05-25,642.83
2021-05-26,640.99
2021-05-27,640.3
2021-05-28,638.58
2021-05-31,636.82
2021-06-01,635.72
2021-06-02,637.73
2021-06-03,638.11
2021-06-04,640.72
2021-06-07,639.63
2021-06-08,639.09
2021-06-09,639.56
2021-06-10,639.72
2021-06-11,638.56
2021-06-14,638.56
2021-06-15,640.7
2021-06-16,640.78
2021-06-17,642.98
2021-06-18,643.61
2021-06-21,645.46
2021-06-22,646.13
2021-06-23,646.21
2021-06-24,648.24
2021-06-25,647.44
2021-06-28,645.78
2021-06-29,645.67
2021-06-30,646.01
2021-07-01,647.09
2021-07-02,647.12
2021-07-05,646.95
2021-07-06,646.13
2021-07-07,647.62
2021-07-08,647.05
2021-07-09,647.55
2021-07-12,647.85
2021-07-13,647.57
2021-07-14,648.06
2021-07-15,646.4
2021-07-16,647.05
2021-07-19,647.0
2021-07-20,648.55
2021-07-21,648.35
2021-07-22,646.51
2021-07-23,646.5
2021-07-26,647.63
2021-07-27,647.34
2021-07-28,649.29
2021-07-29,649.42
2021-07-30,646.02
2021-08-02,646.6
2021-08-03,646.1
2021-08-04,646.55
2021-08-05,646.91
2021-08-06,646.25
2021-08-09,648.4
2021-08-10,648.42
2021-08-11,648.31
2021-08-12,647.54
2021-08-13,647.99
2021-08-16,647.17
2021-08-17,647.65
2021-08-18,649.15
2021-08-19,648.53
2021-08-20,649.84
2021-08-23,649.69
2021-08-24,648.05
2021-08-25,647.28
2021-08-26,647.3
2021-08-27,648.63
2021-08-30,646.77
2021-08-31,646.79
2021-09-01,646.8
2021-09-02,645.94
2021-09-03,645.77
2021-09-06,645.29
2021-09-07,645.33
2021-09-08,646.74
2021-09-09,646.15
2021-09-10,645.66
2021-09-13,644.97
2021-09-14,645.0
2021-09-15,644.92
2021-09-16,643.3
2021-09-17,645.27
2021-09-20,645.27
2021-09-21,645.27
2021-09-22,646.93
2021-09-23,647.49
2021-09-24,645.99
2021-09-27,646.95
2021-09-28,646.08
2021-09-29,646.62
2021-09-30,648.54
2021-10-01,648.54
2021-10-04,648.54
2021-10-05,648.54
2021-10-06,648.54
2021-10-07,648.54
2021-10-08,646.04
2021-10-11,644.79
2021-10-12,644.47
2021-10-13,646.12
2021-10-14,644.14
2021-10-15,643.86
2021-10-18,643.0
2021-10-19,643.07
2021-10-20,640.69
2021-10-21,638.9
2021-10-22,640.32
2021-10-25,639.24
2021-10-26,638.9
2021-10-27,638.56
2021-10-28,639.57
2021-10-29,639.07
2021-11-01,641.92
2021-11-02,640.09
2021-11-03,640.79
2021-11-04,639.43
2021-11-05,639.8
2021-11-08,639.59
2021-11-09,639.03
2021-11-10,639.48
2021-11-11,641.45
2021-11-12,640.65
2021-11-15,638.96
2021-11-16,639.24
2021-11-17,639.35
2021-11-18,638.03
2021-11-19,638.25
2021-11-22,639.52
2021-11-23,639.29
2021-11-24,639.03
2021-11-25,639.8
2021-11-26,639.36
2021-11-29,638.72
2021-11-30,637.94
2021-12-01,636.93
2021-12-02,637.19
2021-12-03,637.38
2021-12-06,637.02
2021-12-07,637.38
2021-12-08,636.77
2021-12-09,634.98
2021-12-10,637.02
2021-12-13,636.69
2021-12-14,636.75
2021-12-15,637.16
2021-12-16,636.37
2021-12-17,636.51
2021-12-20,639.33
2021-12-21,637.29
2021-12-22,637.03
2021-12-23,636.51
2021-12-24,636.92
2021-12-27,636.86
2021-12-28,637.28
2021-12-29,637.35
2021-12-30,636.74
2021-12-31,637.57
2022-01-03,637.57
2022-01-04,637.94
2022-01-05,637.79
2022-01-06,637.28
2022-01-07,637.42
2022-01-10,636.53
2022-01-11,636.84
2022-01-12,636.58
2022-01-13,635.42
2022-01-14,636.77
2022-01-17,635.99
2022-01-18,635.21
2022-01-19,636.24
2022-01-20,634.85
2022-01-21,634.92
2022-01-24,634.11
2022-01-25,634.18
2022-01-26,632.46
2022-01-27,633.82
2022-01-28,637.46
2022-01-31,637.46
2022-02-01,637.46
2022-02-02,637.46
2022-02-03,637.46
2022-02-04,637.46
2022-02-07,635.8
2022-02-08,635.69
2022-02-09,636.53
2022-02-10,635.99
2022-02-11,636.81
2022-02-14,636.64
2022-02-15,636.05
2022-02-16,634.63
2022-02-17,633.21
2022-02-18,633.43
2022-02-21,634.01
2022-02-22,634.87
2022-02-23,633.13
2022-02-24,632.8
2022-02-25,633.46
2022-02-28,632.22
2022-03-01,630.14
2022-03-02,633.51
2022-03-03,630.16
2022-03-04,632.88
2022-03-07,634.78
2022-03-08,631.85
2022-03-09,631.78
2022-03-10,631.05
2022-03-11,633.06
2022-03-14,635.06
2022-03-15,637.6
2022-03-16,638.0
2022-03-17,634.06
2022-03-18,634.25
2022-03-21,636.77
2022-03-22,636.64
2022-03-23,635.58
2022-03-24,636.4
2022-03-25,637.39
2022-03-28,637.32
2022-03-29,636.4
2022-03-30,635.66
2022-03-31,634.82
2022-04-01,635.09
2022-04-04,635.09
2022-04-05,635.09
2022-04-06,637.99
2022-04-07,636.59
2022-04-08,636.53
2022-04-11,636.45
2022-04-12,637.95
2022-04-13,637.52
2022-04-14,635.4
2022-04-15,638.96
2022-04-18,637.63
2022-04-19,637.2
2022-04-20,639.96
2022-04-21,640.98
2022-04-22,645.96
2022-04-25,649.09
2022-04-26,655.9
2022-04-27,655.98
2022-04-28,656.28
2022-04-29,661.77
2022-05-02,661.77
2022-05-03,661.77
2022-05-04,661.77
2022-05-05,656.72
2022-05-06,663.32
2022-05-09,668.99
2022-05-10,671.34
2022-05-11,672.9
2022-05-12,672.92
2022-05-13,678.98
2022-05-17,678.54
2022-05-18,674.21
2022-05-19,675.24
2022-05-20,674.87
2022-05-23,667.56
2022-05-24,665.66
2022-05-25,665.5
2022-05-26,667.66
2022-05-27,673.87
2022-05-30,670.48
2022-05-31,666.07
2022-06-01,666.51
2022-06-02,670.95
2022-06-03,670.95
2022-06-06,666.91
2022-06-07,666.49
2022-06-08,666.34
2022-06-09,668.11
2022-06-10,669.94
2022-06-13,671.82
2022-06-14,674.82
2022-06-15,675.18
2022-06-16,670.99
2022-06-17,669.23
2022-06-20,671.2
2022-06-21,668.51
2022-06-22,671.09
2022-06-23,670.79
2022-06-24,670.0
2022-06-27,668.5
2022-06-28,669.3
2022-06-29,670.35
2022-06-30,671.14
2022-07-01,668.63
2022-07-04,670.71
2022-07-05,669.86
2022-07-06,672.46
2022-07-07,671.43
2022-07-08,670.98
2022-07-11,669.6
2022-07-12,672.87
2022-07-13,672.82
2022-07-14,672.65
2022-07-15,675.03
2022-07-18,674.47
2022-07-19,674.51
2022-07-20,674.65
2022-07-21,676.2
2022-07-22,675.22
2022-07-25,675.43
2022-07-26,674.83
2022-07-27,677.31
2022-07-28,674.11
2022-07-29,674.37
2022-08-01,674.67
2022-08-02,674.62
2022-08-03,678.13
2022-08-04,676.36
2022-08-05,674.05
2022-08-08,676.95
2022-08-09,675.84
2022-08-10,676.12
2022-08-11,673.24
2022-08-12,674.13
2022-08-15,674.1
2022-08-16,677.3
2022-08-17,678.63
2022-08-18,678.02
2022-08-19,680.65
2022-08-22,681.98
2022-08-23,685.23
2022-08-24,683.88
2022-08-25,685.36
2022-08-26,684.86
2022-08-29,686.98
2022-08-30,688.02
2022-08-31,689.06
2022-09-01,688.21
2022-09-02,689.17
2022-09-05,689.98
2022-09-06,690.96
2022-09-07,691.6
2022-09-08,691.48
2022-09-09,690.98
2022-09-12,690.98
2022-09-13,689.28
2022-09-14,691.16
2022-09-15,691.01
2022-09-16,693.05
2022-09-19,693.96
2022-09-20,694.68
2022-09-21,695.36
2022-09-22,697.98
2022-09-23,699.2
2022-09-26,702.98
2022-09-27,707.22
2022-09-28,711.07
2022-09-29,711.02
2022-09-30,709.98
2022-10-03,709.98
2022-10-04,709.98
2022-10-05,709.98
2022-10-06,709.98
2022-10-07,709.98
2022-10-10,709.92
2022-10-11,710.75
2022-10-12,711.03
2022-10-13,711.01
2022-10-14,710.88
2022-10-17,710.95
2022-10-18,710.86
2022-10-19,711.05
2022-10-20,711.88
2022-10-21,711.86
2022-10-24,712.3
2022-10-25,716.68
2022-10-26,716.38
2022-10-27,715.7
2022-10-28,716.98
2022-10-31,717.68
2022-11-01,720.81
2022-11-02,721.97
2022-11-03,724.72
2022-11-04,725.55
2022-11-07,722.92
2022-11-08,721.5
2022-11-09,721.89
2022-11-10,724.22
2022-11-11,719.07
2022-11-14,708.99
2022-11-15,704.21
2022-11-16,703.63
2022-11-17,706.55
2022-11-18,710.91
2022-11-21,712.56
2022-11-22,716.67
2022-11-23,712.81
2022-11-24,712.01
2022-11-25,713.39
2022-11-28,716.17
2022-11-29,719.89
2022-11-30,717.69
2022-12-01,712.25
2022-12-02,705.42
2022-12-05,703.84
2022-12-06,697.46
2022-12-07,699.75
2022-12-08,696.06
2022-12-09,695.88
2022-12-12,695.65
2022-12-13,697.46
2022-12-14,695.35
2022-12-15,693.43
2022-12-16,697.91
2022-12-19,697.46
2022-12-20,698.61
2022-12-21,696.5
2022-12-22,697.13
2022-12-23,698.1
2022-12-26,698.25
2022-12-27,695.46
2022-12-28,696.81
2022-12-29,697.93
2022-12-30,696.46
2023-01-02,696.46
2023-01-03,694.75
2023-01-04,691.31
2023-01-05,689.26
2023-01-06,689.12
2023-01-09,682.65
2023-01-10,676.11
2023-01-11,677.56
2023-01-12,676.8
2023-01-13,672.92
2023-01-16,671.35
2023-01-17,672.22
2023-01-18,676.02
2023-01-19,676.74
2023-01-20,677.02
2023-01-23,677.02
2023-01-24,677.02
2023-01-25,677.02
2023-01-26,677.02
2023-01-27,677.02
2023-01-30,676.26
2023-01-31,676.04
2023-02-01,674.92
2023-02-02,671.3
2023-02-03,673.82
2023-02-06,677.37
2023-02-07,679.67
2023-02-08,677.52
2023-02-09,679.05
2023-02-10,678.84
2023-02-13,681.51
2023-02-14,681.36
2023-02-15,681.83
2023-02-16,685.19
2023-02-17,686.59
2023-02-20,686.43
2023-02-21,685.57
2023-02-22,687.59
2023-02-23,690.28
2023-02-24,689.42
2023-02-27,695.72
2023-02-28,695.19
2023-03-01,694.0
2023-03-02,688.08
2023-03-03,691.17
2023-03-06,689.51
2023-03-07,691.56
2023-03-08,695.25
2023-03-09,696.66
2023-03-10,696.55
2023-03-13,693.75
2023-03-14,689.49
2023-03-15,686.8
2023-03-16,691.49
2023-03-17,690.52
2023-03-20,686.94
2023-03-21,687.63
2023-03-22,687.15
2023-03-23,687.09
2023-03-24,683.74
2023-03-27,687.14
2023-03-28,687.49
2023-03-29,687.71
2023-03-30,688.86
2023-03-31,687.17
2023-04-03,688.05
2023-04-04,686.99
2023-04-05,686.99
2023-04-06,687.47
2023-04-07,688.38
2023-04-10,687.64
2023-04-11,688.82
2023-04-12,688.54
2023-04-13,686.58
2023-04-14,686.06
2023-04-17,686.79
2023-04-18,688.14
2023-04-19,687.31
2023-04-20,689.87
2023-04-21,687.52
2023-04-24,688.35
2023-04-25,688.47
2023-04-26,692.37
2023-04-27,692.07
2023-04-28,692.4
2023-05-01,692.4
2023-05-02,692.4
2023-05-03,692.4
2023-05-04,690.54
2023-05-05,691.14
2023-05-08,691.58
2023-05-09,692.55
2023-05-10,692.99
2023-05-11,691.01
2023-05-12,694.81
2023-05-15,696.54
2023-05-16,695.06
2023-05-17,697.48
2023-05-18,699.67
2023-05-19,703.56
2023-05-22,701.57
2023-05-23,703.26
2023-05-24,705.6
2023-05-25,705.29
2023-05-26,707.6
2023-05-29,705.75
2023-05-30,708.18
2023-05-31,708.21
2023-06-01,709.65
2023-06-02,709.39
2023-06-05,709.04
2023-06-06,710.75
2023-06-07,711.96
2023-06-08,712.8
2023-06-09,711.15
2023-06-12,712.12
2023-06-13,714.98
2023-06-14,715.66
2023-06-15,714.89
2023-06-16,712.89
2023-06-19,712.01
2023-06-20,715.96
2023-06-21,717.95
2023-06-22,717.95
2023-06-23,717.95
2023-06-26,720.56
2023-06-27,720.98
2023-06-28,721.01
2023-06-29,722.08
2023-06-30,722.58
2023-07-03,721.57
2023-07-04,720.46
2023-07-05,719.68
2023-07-06,720.98
2023-07-07,720.54
2023-07-10,719.26
2023-07-11,718.86
2023-07-12,717.65
2023-07-13,715.27
2023-07-14,713.18
2023-07-17,713.26
2023-07-18,714.53
2023-07-19,714.86
2023-07-20,714.66
2023-07-21,714.56
2023-07-24,714.51
2023-07-25,714.06
2023-07-26,712.95
2023-07-27,712.65
2023-07-28,713.38
2023-07-31,713.05
2023-08-01,712.83
2023-08-02,713.68
2023-08-03,714.95
2023-08-04,714.18
2023-08-07,713.8
2023-08-08,715.65
2023-08-09,715.88
2023-08-10,715.76
2023-08-11,715.87
2023-08-14,716.86
2023-08-15,717.68
2023-08-16,719.86
2023-08-17,720.76
2023-08-18,720.06
2023-08-21,719.87
2023-08-22,719.92
2023-08-23,719.88
2023-08-24,718.86
2023-08-25,718.83
2023-08-28,718.56
2023-08-29,718.51
2023-08-30,718.16
2023-08-31,718.11
2023-09-01,717.88
2023-09-04,717.86
2023-09-05,717.83
2023-09-06,719.69
2023-09-07,719.86
2023-09-08,721.5
2023-09-11,721.48
2023-09-12,719.86
2023-09-13,718.94
2023-09-14,718.74
2023-09-15,717.86
2023-09-18,717.36
2023-09-19,717.33
2023-09-20,717.32
2023-09-21,717.3
2023-09-22,717.29
2023-09-25,717.27
2023-09-26,717.27
2023-09-27,717.17
2023-09-28,717.98
2023-09-29,717.98
2023-10-02,717.98
2023-10-03,717.98
2023-10-04,717.98
2023-10-05,717.98
2023-10-06,717.98
2023-10-09,717.89
2023-10-10,717.81
2023-10-11,717.79
2023-10-12,717.76
2023-10-13,717.75
2023-10-16,717.98
2023-10-17,717.96
2023-10-18,717.95
2023-10-19,717.95
2023-10-20,717.93
2023-10-23,717.92
2023-10-24,717.86
2023-10-25,717.85
2023-10-26,717.84
2023-10-27,717.82
2023-10-30,717.81
2023-10-31,717.79
2023-11-01,717.78
2023-11-02,717.97
2023-11-03,717.96
2023-11-06,717.8
2023-11-07,717.76
2023-11-08,717.73
2023-11-09,717.72
2023-11-10,717.71
2023-11-13,717.69
2023-11-14,717.68
2023-11-15,717.52
2023-11-16,717.24
2023-11-17,717.28
2023-11-20,716.12
2023-11-21,714.06
2023-11-22,712.54
2023-11-23,712.12
2023-11-24,711.51
2023-11-27,711.59
2023-11-28,711.32
2023-11-29,710.31
2023-11-30,710.18
2023-12-01,711.04
2023-12-04,710.11
2023-12-05,711.27
2023-12-06,711.4
2023-12-07,711.76
2023-12-08,711.23
2023-12-11,711.63
2023-12-12,711.74
2023-12-13,711.26
2023-12-14,710.9
2023-12-15,709.57
2023-12-18,709.33
2023-12-19,709.82
2023-12-20,709.66
2023-12-21,710.12
2023-12-22,709.53
2023-12-25,710.1
2023-12-26,709.65
2023-12-27,710.02
2023-12-28,709.74
2023-12-29,708.27
2024-01-01,708.27
2024-01-02,707.7
2024-01-03,710.02
2024-01-04,709.97
2024-01-05,710.29
2024-01-08,710.06
2024-01-09,710.1
2024-01-10,710.55
2024-01-11,710.87
2024-01-12,710.5
2024-01-15,710.84
2024-01-16,711.34
2024-01-17,711.68
2024-01-18,711.74
2024-01-19,711.67
2024-01-22,711.05
2024-01-23,711.17
2024-01-24,710.53
2024-01-25,710.44
2024-01-26,710.74
2024-01-29,710.97
2024-01-30,710.55
2024-01-31,710.39
2024-02-01,710.49
2024-02-02,710.06
2024-02-05,710.7
2024-02-06,710.82
2024-02-07,710.49
2024-02-08,710.63
2024-02-09,710.36
2024-02-12,710.36
2024-02-13,710.36
2024-02-14,710.36
2024-02-15,710.36
2024-02-16,710.36
2024-02-19,710.32
2024-02-20,710.68
2024-02-21,710.3
2024-02-22,710.18
2024-02-23,710.64
2024-02-26,710.8
2024-02-27,710.57
2024-02-28,710.75
2024-02-29,710.36
2024-03-01,710.59
2024-03-04,710.2
2024-03-05,710.27
2024-03-06,710.16
2024-03-07,710.02
2024-03-08,709.78
2024-03-11,709.69
2024-03-12,709.63
2024-03-13,709.3
2024-03-14,709.74
2024-03-15,709.75
2024-03-18,709.43
2024-03-19,709.85
2024-03-20,709.68
2024-03-21,709.42
2024-03-22,710.04
2024-03-25,709.96
2024-03-26,709.43
2024-03-27,709.46
2024-03-28,709.48
2024-03-29,709.5
2024-04-01,709.38
2024-04-02,709.57
2024-04-03,709.49
2024-04-04,709.49
2024-04-05,709.49
2024-04-08,709.47
2024-04-09,709.56
2024-04-10,709.59
2024-04-11,709.68
2024-04-12,709.67
2024-04-15,709.79
2024-04-16,710.28
2024-04-17,710.25
2024-04-18,710.2
2024-04-19,710.46
2024-04-22,710.43
2024-04-23,710.59
2024-04-24,710.48
2024-04-25,710.58
2024-04-26,710.56
2024-04-29,710.66
2024-04-30,710.63
2024-05-01,710.63
2024-05-02,710.63
2024-05-03,710.63
2024-05-06,709.94
2024-05-07,710.02
2024-05-08,710.16
2024-05-09,710.28
2024-05-10,710.11
2024-05-13,710.3
2024-05-14,710.53
2024-05-15,710.49
2024-05-16,710.2
2024-05-17,710.45
2024-05-20,710.42
2024-05-21,710.69
2024-05-22,710.77
2024-05-23,710.98
2024-05-24,711.02
2024-05-27,710.91
2024-05-28,711.01
2024-05-29,711.06
2024-05-30,711.11
2024-05-31,710.88
2024-06-03,710.86
2024-06-04,710.83
2024-06-05,710.97
2024-06-06,711.08
2024-06-07,711.06
2024-06-10,711.06
2024-06-11,711.35
2024-06-12,711.33
2024-06-13,711.22
2024-06-14,711.51
2024-06-17,711.49
2024-06-18,711.48
2024-06-19,711.59
2024-06-20,711.92
2024-06-21,711.96
2024-06-24,712.01
2024-06-25,712.25
2024-06-26,712.48
2024-06-27,712.7
2024-06-28,712.68
2024-07-01,712.65
2024-07-02,712.91
2024-07-03,713.12
2024-07-04,713.05
2024-07-05,712.89
2024-07-08,712.86
2024-07-09,713.1
2024-07-10,713.42
2024-07-11,713.39
2024-07-12,713.15
2024-07-15,713.13
2024-07-16,713.28
2024-07-17,713.18
2024-07-18,712.85
2024-07-19,713.15
2024-07-22,713.35
2024-07-23,713.34
2024-07-24,713.58
2024-07-25,713.21
2024-07-26,712.7
2024-07-29,713.16
2024-07-30,713.64
2024-07-31,713.46
2024-08-01,713.23
2024-08-02,713.76
2024-08-05,713.45
2024-08-06,713.18
2024-08-07,713.86
2024-08-08,714.6
2024-08-09,714.49
2024-08-12,714.58
2024-08-13,714.79
2024-08-14,714.15
2024-08-15,713.99
2024-08-16,714.64
2024-08-19,714.15
2024-08-20,713.25
2024-08-21,713.07
2024-08-22,712.28
2024-08-23,713.58
2024-08-26,711.39
2024-08-27,712.49
2024-08-28,712.16
2024-08-29,712.99
2024-08-30,711.24
2024-09-02,710.27
2024-09-03,711.12
2024-09-04,711.48
2024-09-05,709.89
2024-09-06,709.25
2024-09-09,709.89
2024-09-10,711.36
2024-09-11,711.82
2024-09-12,712.14
2024-09-13,710.3
2024-09-16,710.3
2024-09-17,710.3
2024-09-18,708.7
2024-09-19,709.83
2024-09-20,706.44
2024-09-23,705.31
2024-09-24,705.1
2024-09-25,702.02
2024-09-26,703.54
2024-09-27,701.01
2024-09-30,700.74
2024-10-01,700.74
2024-10-02,700.74
2024-10-03,700.74
2024-10-04,700.74
2024-10-07,700.74
2024-10-08,707.09
2024-10-09,705.68
2024-10-10,707.42
2024-10-11,707.31
2024-10-14,707.23
2024-10-15,708.3
2024-10-16,711.91
2024-10-17,712.2
2024-10-18,712.74
2024-10-19,712.74
2024-10-21,709.82
2024-10-22,712.23
2024-10-23,712.45
2024-10-24,712.86
2024-10-25,710.9
2024-10-26,710.9
2024-10-28,713.07
2024-10-29,712.83
2024-10-30,713.9
2024-10-31,712.5
2024-11-01,711.35
2024-11-02,711.35
2024-11-04,712.03
2024-11-05,710.16
2024-11-06,709.93
2024-11-07,716.59
2024-11-08,714.33
2024-11-09,714.33
2024-11-11,717.86
2024-11-12,719.27
2024-11-13,719.91
2024-11-14,719.66
2024-11-15,719.92
2024-11-16,719.92
2024-11-18,719.07
2024-11-19,719.11
2024-11-20,719.35
2024-11-21,719.34
2024-11-22,719.42
2024-11-23,719.42
2024-11-25,719.18
2024-11-26,719.1
2024-11-27,719.82
2024-11-28,718.94
2024-11-29,718.77
2024-11-30,718.77
2024-12-02,718.65
2024-12-03,719.96
2024-12-04,719.34
2024-12-05,718.79
2024-12-06,718.48
2024-12-07,718.48
2024-12-09,718.7
2024-12-10,718.96
2024-12-11,718.43
2024-12-12,718.54
2024-12-13,718.76
2024-12-14,718.76
2024-12-16,718.82
2024-12-17,718.91
2024-12-18,718.8
2024-12-19,719.11
2024-12-20,719.01
2024-12-21,719.01
2024-12-23,718.7
2024-12-24,718.76
2024-12-25,718.68
2024-12-26,718.97
2024-12-27,718.93
2024-12-28,718.93
2024-12-30,718.89
2024-12-31,718.84
2025-01-01,718.84
2025-01-02,718.79
2025-01-03,718.78
2025-01-04,718.78
2025-01-06,718.76
2025-01-07,718.79
2025-01-08,718.87
2025-01-09,718.86
2025-01-10,718.91
2025-01-11,718.91
2025-01-13,718.85
2025-01-14,718.78
2025-01-15,718.83
2025-01-16,718.81
2025-01-17,718.89
2025-01-18,718.89
2025-01-20,718.86
2025-01-21,717.03
2025-01-22,716.96
2025-01-23,717.08
2025-01-24,717.05
2025-01-25,717.05
2025-01-27,716.98
2025-01-28,716.98
2025-01-29,716.98
2025-01-30,716.98
2025-01-31,716.98
2025-02-01,716.98
2025-02-03,716.98
2025-02-04,716.98
2025-02-05,716.93
2025-02-06,716.91
2025-02-07,716.99
2025-02-08,716.99
2025-02-10,717.07
2025-02-11,717.16
2025-02-12,717.1
2025-02-13,717.19
2025-02-14,717.06
2025-02-15,717.06
2025-02-17,717.02
2025-02-18,716.97
2025-02-19,717.05
2025-02-20,717.12
2025-02-21,716.96
2025-02-22,716.96
2025-02-24,717.17
2025-02-25,717.26
2025-02-26,717.32
2025-02-27,717.4
2025-02-28,717.38
2025-03-01,717.38
2025-03-03,717.45
2025-03-04,717.39
2025-03-05,717.14
2025-03-06,716.92
2025-03-07,717.05
2025-03-08,717.05
2025-03-10,717.33
2025-03-11,717.41
2025-03-12,716.96
2025-03-13,717.28
2025-03-14,717.38
2025-03-15,717.38
2025-03-17,716.88
2025-03-18,717.33
2025-03-19,716.97
2025-03-20,717.54
2025-03-21,717.6
2025-03-22,717.6
2025-03-24,717.8
2025-03-25,717.88
2025-03-26,717.54
2025-03-27,717.63
2025-03-28,717.52
2025-03-29,717.52
2025-03-31,717.82
2025-04-01,717.75
2025-04-02,717.93
2025-04-03,718.89
2025-04-04,718.89
2025-04-05,718.89
2025-04-07,719.8
2025-04-08,720.38
2025-04-09,720.66
2025-04-10,720.92
2025-04-11,720.87
2025-04-12,720.87
2025-04-14,721.1
2025-04-15,720.96
2025-04-16,721.33
2025-04-17,720.85
2025-04-18,720.69
2025-04-21,720.55
2025-04-22,720.74
2025-04-23,721.16
2025-04-24,720.98
2025-04-25,720.66
2025-04-26,720.66
2025-04-28,720.43
2025-04-29,720.43
2025-04-30,720.14
2025-05-01,720.14
2025-05-02,720.14
2025-05-03,720.14
2025-05-05,720.14
2025-05-06,720.08
2025-05-07,720.05
2025-05-08,720.73
2025-05-09,720.95
2025-05-10,720.95
2025-05-12,720.66
2025-05-13,719.91
2025-05-14,719.56
2025-05-15,719.63
2025-05-16,719.38
2025-05-17,719.38
2025-05-19,719.16
2025-05-20,719.31
2025-05-21,719.37
2025-05-22,719.03
2025-05-23,719.19
2025-05-24,719.19
2025-05-26,718.33
2025-05-27,718.76
2025-05-28,718.94
2025-05-29,719.07
2025-05-30,718.48
2025-05-31,718.48
2025-06-02,718.48
2025-06-03,718.69
2025-06-04,718.86
2025-06-05,718.65
2025-06-06,718.45
2025-06-07,718.45
2025-06-09,718.55
2025-06-10,718.4
2025-06-11,718.15
2025-06-12,718.03
2025-06-13,717.72
2025-06-14,717.72
2025-06-16,717.89
2025-06-17,717.46
2025-06-18,717.61
2025-06-19,717.29
2025-06-20,716.95
2025-06-21,716.95
2025-06-23,717.1
2025-06-24,716.56
2025-06-25,716.68
2025-06-26,716.2
2025-06-27,716.27
2025-06-28,716.27
2025-06-30,715.86
2025-07-01,715.34
2025-07-02,715.46
2025-07-03,715.23
2025-07-04,715.35
2025-07-05,715.35
2025-07-07,715.06
2025-07-08,715.34
2025-07-09,715.41
2025-07-10,715.1
2025-07-11,714.75
2025-07-12,714.75
2025-07-14,714.91
2025-07-15,714.98
2025-07-16,715.26
2025-07-17,714.61
2025-07-18,714.98
2025-07-19,714.98
2025-07-21,715.22
2025-07-22,714.6
2025-07-23,714.14
2025-07-24,713.85
2025-07-25,714.19
2025-07-26,714.19
2025-07-28,714.67
2025-07-29,715.11
2025-07-30,714.41
2025-07-31,714.94
2025-08-01,714.96
2025-08-02,714.96
2025-08-04,713.95
2025-08-05,713.66
2025-08-06,714.09
2025-08-07,713.45
2025-08-08,713.82
2025-08-09,713.82
2025-08-11,714.05
2025-08-12,714.18
2025-08-13,713.5
2025-08-14,713.37
2025-08-15,713.71
2025-08-16,713.71
2025-08-18,713.22
2025-08-19,713.59
2025-08-20,713.84
2025-08-21,712.87
2025-08-22,713.21
2025-08-23,713.21
2025-08-25,711.61
2025-08-26,711.88
2025-08-27,711.08
2025-08-28,710.63
2025-08-29,710.3
2025-08-30,710.3
2025-09-01,710.72
2025-09-02,710.89
2025-09-03,711.08
2025-09-04,710.52
2025-09-05,710.64
2025-09-06,710.64
2025-09-08,710.29
2025-09-09,710.08
2025-09-10,710.62
2025-09-11,710.34
2025-09-12,710.19
2025-09-13,710.19
2025-09-15,710.56
2025-09-16,710.27
2025-09-17,710.13
2025-09-18,710.85
2025-09-19,711.28
2025-09-20,711.28
2025-09-22,711.06
2025-09-23,710.57
2025-09-24,710.77
2025-09-25,711.18
2025-09-26,711.52
2025-09-27,711.52
2025-09-29,710.89
2025-09-30,710.55
2025-10-01,710.55
2025-10-02,710.55
2025-10-03,710.55
2025-10-04,710.55
2025-10-06,710.55
2025-10-07,710.55
2025-10-08,710.55
2025-10-09,711.02
2025-10-10,710.48
2025-10-11,710.48
2025-10-13,710.07
2025-10-14,710.21
2025-10-15,709.95
2025-10-16,709.68
2025-10-17,709.49
2025-10-18,709.49
2025-10-20,709.73
2025-10-21,709.3
2025-10-22,709.54
2025-10-23,709.18
2025-10-24,709.28
2025-10-25,709.28
2025-10-27,708.81
2025-10-28,708.56
2025-10-29,708.43
2025-10-30,708.64
2025-10-31,708.8
2025-11-01,708.8
2025-11-03,708.67
2025-11-04,708.85
2025-11-05,709.01
2025-11-06,708.65
2025-11-07,708.36
2025-11-08,708.36
2025-11-10,708.56
2025-11-11,708.66
2025-11-12,708.33
2025-11-13,708.65
2025-11-14,708.25
2025-11-15,708.25
2025-11-17,708.16
2025-11-18,708.56
2025-11-19,708.72
2025-11-20,709.05
2025-11-21,708.75
2025-11-22,708.75
2025-11-24,708.47
2025-11-25,708.26
2025-11-26,707.96
2025-11-27,707.79
2025-11-28,707.89
2025-11-29,707.89
2025-12-01,707.59
2025-12-02,707.94
2025-12-03,707.54
2025-12-04,707.33
2025-12-05,707.49
2025-12-06,707.49
2025-12-08,707.64
2025-12-09,707.73
2025-12-10,707.53
2025-12-11,706.86
2025-12-12,706.38
2025-12-13,706.38
2025-12-15,706.56
2025-12-16,706.02
2025-12-17,705.73
2025-12-18,705.83
2025-12-19,705.5
2025-12-20,705.5
2025-12-22,705.72
2025-12-23,705.23
2025-12-24,704.71
2025-12-25,703.92
2025-12-26,703.58
2025-12-27,703.58
2025-12-29,703.31
2025-12-30,703.48
2025-12-31,702.88
2026-01-01,702.88
2026-01-02,702.88
2026-01-03,702.88
2026-01-05,702.3
2026-01-06,701.73
2026-01-07,701.87
2026-01-08,701.97
2026-01-09,701.28
2026-01-10,701.28
2026-01-12,701.08
2026-01-13,701.03
2026-01-14,701.2
2026-01-15,700.64
2026-01-16,700.78
2026-01-17,700.78
2026-01-19,700.51
2026-01-20,700.06
2026-01-21,700.14
2026-01-22,700.19
2026-01-23,699.29
2026-01-24,699.29
2026-01-26,698.43
2026-01-27,698.58
2026-01-28,697.55
2026-01-29,697.71
2026-01-30,696.78
2026-01-31,696.78
2026-02-02,696.95
2026-02-03,696.08
2026-02-04,695.33
2026-02-05,695.7
2026-02-06,695.9
2026-02-07,695.9
2026-02-09,695.23
2026-02-10,694.58
2026-02-11,694.38
2026-02-12,694.57
2026-02-13,693.98
2026-02-14,693.98
2026-02-16,693.98
2026-02-17,693.98
2026-02-18,693.98
2026-02-19,693.98
2026-02-20,693.98
2026-02-21,693.98
2026-02-23,693.98
2026-02-24,694.14
2026-02-25,693.21
2026-02-26,692.28
2026-02-27,692.28
2026-02-28,692.28
2026-03-02,692.36
2026-03-03,690.88
2026-03-04,691.24
2026-03-05,690.07
2026-03-06,690.25
2026-03-07,690.25
2026-03-09,691.58
2026-03-10,689.82
2026-03-11,689.17
2026-03-12,689.59
2026-03-13,690.07
2026-03-14,690.07
2026-03-16,690.57
2026-03-17,689.61
2026-03-18,689.09
2026-03-19,689.75
2026-03-20,688.98
2026-03-21,688.98
2026-03-23,690.41
2026-03-24,689.43
2026-03-25,689.11
2026-03-26,690.56
2026-03-27,691.41
2026-03-28,691.41
2026-03-30,692.23
2026-03-31,691.94
2026-04-01,690.25
2026-04-02,688.8
2026-04-03,689.29
2026-04-04,689.29
2026-04-06,689.29
2026-04-07,688.54
2026-04-08,686.8
2026-04-09,686.49
2026-04-10,686.54
2026-04-11,686.54
2026-04-13,686.57
2026-04-14,685.93
2026-04-15,685.82
2026-04-16,686.16
2026-04-17,686.22
2026-04-18,686.22
2026-04-20,686.48
2026-04-21,685.94
2026-04-22,686.35
2026-04-23,686.5
2026-04-24,686.74
2026-04-25,686.74
2026-04-27,685.79
2026-04-28,685.89
2026-04-29,686.08
2026-04-30,686.28
2026-05-01,686.28
2026-05-02,686.28
2026-05-04,686.28
2026-05-05,686.28
2026-05-06,685.62
2026-05-07,684.87
2026-05-08,685.02
2026-05-09,685.02
2026-05-11,684.67
2026-05-12,684.26
2026-05-13,684.31
2026-05-14,684.01
2026-05-15,684.15
2026-05-16,684.15
2026-05-18,684.35
2026-05-19,683.75
2026-05-20,683.97
2026-05-21,683.49
2026-05-22,683.73
2026-05-23,683.73
2026-05-25,683.18
2026-05-26,682.88
2026-05-27,682.91
2026-05-28,682.4
2026-05-29,681.76
2026-05-30,681.76
2026-06-01,681.67
2026-06-02,681.87
2026-06-03,681.84
2026-06-04,682.03
2026-06-05,681.57
2026-06-06,681.57
2026-06-08,681.98
2026-06-09,681.47
2026-06-10,681.3
2026-06-11,681.5
2026-06-12,681.09
2026-06-13,681.09
2026-06-15,680.88
2026-06-16,681.08
2026-06-17,680.96
2026-06-18,681.3
2026-06-19,681.3
2026-06-20,681.3
2026-06-22,681.5
2026-06-23,681.71
2026-06-24,681.95
2026-06-25,682.09
2026-06-26,681.66
2026-06-27,681.66
2026-06-29,681.75
2026-06-30,681.09
2026-07-01,680.67
2026-07-02,680.88
2026-07-03,680.47
2026-07-04,680.47
2026-07-06,680.66
2026-07-07,680.54
2026-07-08,680.77
2026-07-09,680.36
2026-07-10,679.89
2026-07-11,679.89
2026-07-13,679.72
2026-07-14,679.9
2026-07-15,679.1
2026-07-16,679.09
2026-07-17,679.34
2026-07-18,679.34
2026-07-20,679.48
2026-07-21,679.17
2026-07-22,679.33
2026-07-23,679.06
2026-07-24,679.39
2026-07-25,679.39
2026-07-27,679.11
2026-07-28,679.28
2026-07-29,678.99
2026-07-30,678.92
2026-07-31,678.94
2026-08-01,678.94
2026-08-03,678.98
2026-08-04,679.17
2026-08-05,678.89
2026-08-06,678.95
2026-08-07,679.04
2026-08-08,679.04
